,BAC,F1-Score,G-Mean
_unbalanced_13_50,0.7875,0.8363095238095238,0.7875
_unbalanced_25_100,0.845,0.8817177367732599,0.845
_unbalanced_50_200,0.71,0.7619751140877902,0.71
_unbalanced_100_400,0.8300000000000001,0.8772066684002195,0.8300000000000001
_balanced_50_50,0.9225,0.9222429156398342,0.9225
_balanced_100_100,0.935,0.9349414473025723,0.935
_balanced_200_200,0.94,0.9399864969618166,0.94
_balanced_400_400,0.935,0.9349853717086344,0.935
