,BAC,F1-Score,G-Mean
_unbalanced_13_50,0.9000901579856873,0.8890001345110717,0.8945279850129757
_unbalanced_25_100,0.8991886973381042,0.8878863275810216,0.8935196666420995
_unbalanced_50_200,0.9005408585071564,0.8895561650189562,0.8950316849219991
_unbalanced_100_400,0.9000901579856873,0.8890001345110717,0.8945279850129757
_balanced_50_50,0.7524038553237915,0.6709264891844796,0.710498212979866
_balanced_100_100,0.7524038553237915,0.6709264891844796,0.710498212979866
_balanced_200_200,0.7524038553237915,0.6709264891844796,0.710498212979866
_balanced_400_400,0.7524038553237915,0.6709264891844796,0.710498212979866
