,BAC,F1-Score,G-Mean
_unbalanced_13_50,0.9426492537313433,0.9426433415215105,0.9426463226217131
_unbalanced_25_100,0.9502722772277228,0.9502487062201457,0.9502605166505396
_unbalanced_50_200,0.9403990610328639,0.939467262398211,0.9399330712363279
_unbalanced_100_400,0.9517857142857142,0.9512194622248688,0.9515025711248198
_balanced_50_50,0.8352956989247312,0.8341968412574865,0.8347461142579924
_balanced_100_100,0.8464285714285714,0.8426666168888918,0.844545524443261
_balanced_200_200,0.8556521739130434,0.854166616753475,0.8549090976340065
_balanced_400_400,0.8815384615384616,0.8795811019434803,0.8805592628464114
